[
{
    "model": "cms.treenode",
    "pk": 1,
    "fields": {
        "path": "0001",
        "depth": 1,
        "numchild": 0,
        "parent": null,
        "site": 1
    }
},
{
    "model": "cms.treenode",
    "pk": 2,
    "fields": {
        "path": "0002",
        "depth": 1,
        "numchild": 0,
        "parent": null,
        "site": 1
    }
},
{
    "model": "cms.treenode",
    "pk": 3,
    "fields": {
        "path": "0003",
        "depth": 1,
        "numchild": 8,
        "parent": null,
        "site": 1
    }
},
{
    "model": "cms.treenode",
    "pk": 4,
    "fields": {
        "path": "00030001",
        "depth": 2,
        "numchild": 0,
        "parent": 3,
        "site": 1
    }
},
{
    "model": "cms.treenode",
    "pk": 5,
    "fields": {
        "path": "00030002",
        "depth": 2,
        "numchild": 0,
        "parent": 3,
        "site": 1
    }
},
{
    "model": "cms.treenode",
    "pk": 6,
    "fields": {
        "path": "00030003",
        "depth": 2,
        "numchild": 0,
        "parent": 3,
        "site": 1
    }
},
{
    "model": "cms.treenode",
    "pk": 7,
    "fields": {
        "path": "00030004",
        "depth": 2,
        "numchild": 0,
        "parent": 3,
        "site": 1
    }
},
{
    "model": "cms.treenode",
    "pk": 8,
    "fields": {
        "path": "00030005",
        "depth": 2,
        "numchild": 0,
        "parent": 3,
        "site": 1
    }
},
{
    "model": "cms.treenode",
    "pk": 9,
    "fields": {
        "path": "00030006",
        "depth": 2,
        "numchild": 0,
        "parent": 3,
        "site": 1
    }
},
{
    "model": "cms.treenode",
    "pk": 10,
    "fields": {
        "path": "00030007",
        "depth": 2,
        "numchild": 0,
        "parent": 3,
        "site": 1
    }
},
{
    "model": "cms.treenode",
    "pk": 11,
    "fields": {
        "path": "00030008",
        "depth": 2,
        "numchild": 0,
        "parent": 3,
        "site": 1
    }
},
{
    "model": "cms.page",
    "pk": 1,
    "fields": {
        "created_by": "V6",
        "changed_by": "V6",
        "creation_date": "2022-04-19T16:49:31.615Z",
        "changed_date": "2022-04-19T16:51:09.015Z",
        "publication_date": "2022-04-19T16:49:31.728Z",
        "publication_end_date": null,
        "in_navigation": true,
        "soft_root": false,
        "reverse_id": null,
        "navigation_extenders": null,
        "template": "index.html",
        "login_required": false,
        "limit_visibility_in_menu": null,
        "is_home": true,
        "application_urls": null,
        "application_namespace": null,
        "publisher_is_draft": true,
        "publisher_public": 2,
        "languages": "en-us",
        "xframe_options": 0,
        "is_page_type": false,
        "node": 1,
        "placeholders": [
            4,
            5
        ]
    }
},
{
    "model": "cms.page",
    "pk": 2,
    "fields": {
        "created_by": "V6",
        "changed_by": "V6",
        "creation_date": "2022-04-19T16:49:31.728Z",
        "changed_date": "2022-04-22T13:15:12.481Z",
        "publication_date": "2022-04-19T16:49:31.728Z",
        "publication_end_date": null,
        "in_navigation": true,
        "soft_root": false,
        "reverse_id": null,
        "navigation_extenders": null,
        "template": "index.html",
        "login_required": false,
        "limit_visibility_in_menu": null,
        "is_home": true,
        "application_urls": null,
        "application_namespace": null,
        "publisher_is_draft": false,
        "publisher_public": 1,
        "languages": "en-us",
        "xframe_options": 0,
        "is_page_type": false,
        "node": 1,
        "placeholders": [
            6,
            7
        ]
    }
},
{
    "model": "cms.page",
    "pk": 3,
    "fields": {
        "created_by": "V6",
        "changed_by": "V6",
        "creation_date": "2022-04-19T20:02:37.762Z",
        "changed_date": "2022-04-19T20:02:57.526Z",
        "publication_date": "2022-04-22T13:15:25.139Z",
        "publication_end_date": null,
        "in_navigation": true,
        "soft_root": false,
        "reverse_id": null,
        "navigation_extenders": null,
        "template": "ware-info.html",
        "login_required": false,
        "limit_visibility_in_menu": null,
        "is_home": false,
        "application_urls": "",
        "application_namespace": null,
        "publisher_is_draft": true,
        "publisher_public": 13,
        "languages": "en-us",
        "xframe_options": 0,
        "is_page_type": false,
        "node": 2,
        "placeholders": [
            8,
            9
        ]
    }
},
{
    "model": "cms.page",
    "pk": 4,
    "fields": {
        "created_by": "V6",
        "changed_by": "V6",
        "creation_date": "2022-04-19T20:13:12.916Z",
        "changed_date": "2022-04-19T20:13:52.670Z",
        "publication_date": "2022-04-22T13:15:30.052Z",
        "publication_end_date": null,
        "in_navigation": true,
        "soft_root": false,
        "reverse_id": null,
        "navigation_extenders": null,
        "template": "INHERIT",
        "login_required": false,
        "limit_visibility_in_menu": null,
        "is_home": false,
        "application_urls": "",
        "application_namespace": null,
        "publisher_is_draft": true,
        "publisher_public": 14,
        "languages": "en-us",
        "xframe_options": 0,
        "is_page_type": false,
        "node": 3,
        "placeholders": [
            10,
            11
        ]
    }
},
{
    "model": "cms.page",
    "pk": 5,
    "fields": {
        "created_by": "V6",
        "changed_by": "V6",
        "creation_date": "2022-04-19T20:14:50.452Z",
        "changed_date": "2022-04-21T18:25:42.373Z",
        "publication_date": "2022-04-22T13:15:33.840Z",
        "publication_end_date": null,
        "in_navigation": true,
        "soft_root": false,
        "reverse_id": null,
        "navigation_extenders": null,
        "template": "forms/signin.html",
        "login_required": false,
        "limit_visibility_in_menu": null,
        "is_home": false,
        "application_urls": "",
        "application_namespace": null,
        "publisher_is_draft": true,
        "publisher_public": 15,
        "languages": "en-us",
        "xframe_options": 0,
        "is_page_type": false,
        "node": 4,
        "placeholders": [
            12,
            13
        ]
    }
},
{
    "model": "cms.page",
    "pk": 6,
    "fields": {
        "created_by": "V6",
        "changed_by": "V6",
        "creation_date": "2022-04-19T20:20:35.507Z",
        "changed_date": "2022-04-21T18:29:45.684Z",
        "publication_date": "2022-04-22T13:15:39.109Z",
        "publication_end_date": null,
        "in_navigation": true,
        "soft_root": false,
        "reverse_id": null,
        "navigation_extenders": null,
        "template": "forms/signup.html",
        "login_required": false,
        "limit_visibility_in_menu": null,
        "is_home": false,
        "application_urls": "",
        "application_namespace": null,
        "publisher_is_draft": true,
        "publisher_public": 16,
        "languages": "en-us",
        "xframe_options": 0,
        "is_page_type": false,
        "node": 5,
        "placeholders": [
            14,
            15
        ]
    }
},
{
    "model": "cms.page",
    "pk": 7,
    "fields": {
        "created_by": "V6",
        "changed_by": "V6",
        "creation_date": "2022-04-19T20:21:31.314Z",
        "changed_date": "2022-04-19T20:21:42.721Z",
        "publication_date": "2022-04-22T13:15:42.607Z",
        "publication_end_date": null,
        "in_navigation": true,
        "soft_root": false,
        "reverse_id": null,
        "navigation_extenders": null,
        "template": "forms/status-page.html",
        "login_required": false,
        "limit_visibility_in_menu": null,
        "is_home": false,
        "application_urls": "",
        "application_namespace": null,
        "publisher_is_draft": true,
        "publisher_public": 17,
        "languages": "en-us",
        "xframe_options": 0,
        "is_page_type": false,
        "node": 6,
        "placeholders": [
            16,
            17
        ]
    }
},
{
    "model": "cms.page",
    "pk": 8,
    "fields": {
        "created_by": "V6",
        "changed_by": "V6",
        "creation_date": "2022-04-21T17:02:42.591Z",
        "changed_date": "2022-04-21T18:35:42.675Z",
        "publication_date": "2022-04-22T13:15:46.319Z",
        "publication_end_date": null,
        "in_navigation": true,
        "soft_root": false,
        "reverse_id": null,
        "navigation_extenders": null,
        "template": "forms/pwd-reset1.html",
        "login_required": false,
        "limit_visibility_in_menu": null,
        "is_home": false,
        "application_urls": "",
        "application_namespace": null,
        "publisher_is_draft": true,
        "publisher_public": 18,
        "languages": "en-us",
        "xframe_options": 0,
        "is_page_type": false,
        "node": 7,
        "placeholders": [
            18,
            19
        ]
    }
},
{
    "model": "cms.page",
    "pk": 9,
    "fields": {
        "created_by": "V6",
        "changed_by": "V6",
        "creation_date": "2022-04-21T17:03:01.596Z",
        "changed_date": "2022-04-21T18:35:53.620Z",
        "publication_date": "2022-04-22T13:15:50.868Z",
        "publication_end_date": null,
        "in_navigation": true,
        "soft_root": false,
        "reverse_id": null,
        "navigation_extenders": null,
        "template": "forms/pwd-reset2.html",
        "login_required": false,
        "limit_visibility_in_menu": null,
        "is_home": false,
        "application_urls": "",
        "application_namespace": null,
        "publisher_is_draft": true,
        "publisher_public": 19,
        "languages": "en-us",
        "xframe_options": 0,
        "is_page_type": false,
        "node": 8,
        "placeholders": [
            20,
            21
        ]
    }
},
{
    "model": "cms.page",
    "pk": 10,
    "fields": {
        "created_by": "V6",
        "changed_by": "V6",
        "creation_date": "2022-04-21T17:07:28.837Z",
        "changed_date": "2022-04-21T17:07:36.653Z",
        "publication_date": "2022-04-22T13:15:55.225Z",
        "publication_end_date": null,
        "in_navigation": true,
        "soft_root": false,
        "reverse_id": null,
        "navigation_extenders": null,
        "template": "forms/status-page.html",
        "login_required": false,
        "limit_visibility_in_menu": null,
        "is_home": false,
        "application_urls": "",
        "application_namespace": null,
        "publisher_is_draft": true,
        "publisher_public": 20,
        "languages": "en-us",
        "xframe_options": 0,
        "is_page_type": false,
        "node": 9,
        "placeholders": [
            22,
            23
        ]
    }
},
{
    "model": "cms.page",
    "pk": 11,
    "fields": {
        "created_by": "V6",
        "changed_by": "V6",
        "creation_date": "2022-04-21T17:08:28.760Z",
        "changed_date": "2022-04-21T19:34:37.041Z",
        "publication_date": "2022-04-22T13:16:35.227Z",
        "publication_end_date": null,
        "in_navigation": true,
        "soft_root": false,
        "reverse_id": null,
        "navigation_extenders": null,
        "template": "forms/email-change.html",
        "login_required": false,
        "limit_visibility_in_menu": null,
        "is_home": false,
        "application_urls": "",
        "application_namespace": null,
        "publisher_is_draft": true,
        "publisher_public": 21,
        "languages": "en-us",
        "xframe_options": 0,
        "is_page_type": false,
        "node": 10,
        "placeholders": [
            24,
            25
        ]
    }
},
{
    "model": "cms.page",
    "pk": 12,
    "fields": {
        "created_by": "V6",
        "changed_by": "V6",
        "creation_date": "2022-04-21T17:09:18.830Z",
        "changed_date": "2022-04-21T17:09:32.689Z",
        "publication_date": "2022-04-22T13:16:39.511Z",
        "publication_end_date": null,
        "in_navigation": true,
        "soft_root": false,
        "reverse_id": null,
        "navigation_extenders": null,
        "template": "forms/status-page.html",
        "login_required": false,
        "limit_visibility_in_menu": null,
        "is_home": false,
        "application_urls": "",
        "application_namespace": null,
        "publisher_is_draft": true,
        "publisher_public": 22,
        "languages": "en-us",
        "xframe_options": 0,
        "is_page_type": false,
        "node": 11,
        "placeholders": [
            26,
            27
        ]
    }
},
{
    "model": "cms.page",
    "pk": 13,
    "fields": {
        "created_by": "V6",
        "changed_by": "V6",
        "creation_date": "2022-04-22T13:15:25.140Z",
        "changed_date": "2022-04-22T13:15:25.140Z",
        "publication_date": "2022-04-22T13:15:25.139Z",
        "publication_end_date": null,
        "in_navigation": true,
        "soft_root": false,
        "reverse_id": null,
        "navigation_extenders": null,
        "template": "ware-info.html",
        "login_required": false,
        "limit_visibility_in_menu": null,
        "is_home": false,
        "application_urls": "",
        "application_namespace": null,
        "publisher_is_draft": false,
        "publisher_public": 3,
        "languages": "en-us",
        "xframe_options": 0,
        "is_page_type": false,
        "node": 2,
        "placeholders": [
            28,
            29
        ]
    }
},
{
    "model": "cms.page",
    "pk": 14,
    "fields": {
        "created_by": "V6",
        "changed_by": "V6",
        "creation_date": "2022-04-22T13:15:30.052Z",
        "changed_date": "2022-04-22T13:15:30.052Z",
        "publication_date": "2022-04-22T13:15:30.052Z",
        "publication_end_date": null,
        "in_navigation": true,
        "soft_root": false,
        "reverse_id": null,
        "navigation_extenders": null,
        "template": "INHERIT",
        "login_required": false,
        "limit_visibility_in_menu": null,
        "is_home": false,
        "application_urls": "",
        "application_namespace": null,
        "publisher_is_draft": false,
        "publisher_public": 4,
        "languages": "en-us",
        "xframe_options": 0,
        "is_page_type": false,
        "node": 3,
        "placeholders": [
            30,
            31
        ]
    }
},
{
    "model": "cms.page",
    "pk": 15,
    "fields": {
        "created_by": "V6",
        "changed_by": "V6",
        "creation_date": "2022-04-22T13:15:33.840Z",
        "changed_date": "2022-04-22T13:15:33.840Z",
        "publication_date": "2022-04-22T13:15:33.840Z",
        "publication_end_date": null,
        "in_navigation": true,
        "soft_root": false,
        "reverse_id": null,
        "navigation_extenders": null,
        "template": "forms/signin.html",
        "login_required": false,
        "limit_visibility_in_menu": null,
        "is_home": false,
        "application_urls": "",
        "application_namespace": null,
        "publisher_is_draft": false,
        "publisher_public": 5,
        "languages": "en-us",
        "xframe_options": 0,
        "is_page_type": false,
        "node": 4,
        "placeholders": [
            32,
            33
        ]
    }
},
{
    "model": "cms.page",
    "pk": 16,
    "fields": {
        "created_by": "V6",
        "changed_by": "V6",
        "creation_date": "2022-04-22T13:15:39.110Z",
        "changed_date": "2022-04-22T13:15:39.110Z",
        "publication_date": "2022-04-22T13:15:39.109Z",
        "publication_end_date": null,
        "in_navigation": true,
        "soft_root": false,
        "reverse_id": null,
        "navigation_extenders": null,
        "template": "forms/signup.html",
        "login_required": false,
        "limit_visibility_in_menu": null,
        "is_home": false,
        "application_urls": "",
        "application_namespace": null,
        "publisher_is_draft": false,
        "publisher_public": 6,
        "languages": "en-us",
        "xframe_options": 0,
        "is_page_type": false,
        "node": 5,
        "placeholders": [
            34,
            35
        ]
    }
},
{
    "model": "cms.page",
    "pk": 17,
    "fields": {
        "created_by": "V6",
        "changed_by": "V6",
        "creation_date": "2022-04-22T13:15:42.607Z",
        "changed_date": "2022-04-22T13:15:42.607Z",
        "publication_date": "2022-04-22T13:15:42.607Z",
        "publication_end_date": null,
        "in_navigation": true,
        "soft_root": false,
        "reverse_id": null,
        "navigation_extenders": null,
        "template": "forms/status-page.html",
        "login_required": false,
        "limit_visibility_in_menu": null,
        "is_home": false,
        "application_urls": "",
        "application_namespace": null,
        "publisher_is_draft": false,
        "publisher_public": 7,
        "languages": "en-us",
        "xframe_options": 0,
        "is_page_type": false,
        "node": 6,
        "placeholders": [
            36,
            37
        ]
    }
},
{
    "model": "cms.page",
    "pk": 18,
    "fields": {
        "created_by": "V6",
        "changed_by": "V6",
        "creation_date": "2022-04-22T13:15:46.319Z",
        "changed_date": "2022-04-22T13:15:46.319Z",
        "publication_date": "2022-04-22T13:15:46.319Z",
        "publication_end_date": null,
        "in_navigation": true,
        "soft_root": false,
        "reverse_id": null,
        "navigation_extenders": null,
        "template": "forms/pwd-reset1.html",
        "login_required": false,
        "limit_visibility_in_menu": null,
        "is_home": false,
        "application_urls": "",
        "application_namespace": null,
        "publisher_is_draft": false,
        "publisher_public": 8,
        "languages": "en-us",
        "xframe_options": 0,
        "is_page_type": false,
        "node": 7,
        "placeholders": [
            38,
            39
        ]
    }
},
{
    "model": "cms.page",
    "pk": 19,
    "fields": {
        "created_by": "V6",
        "changed_by": "V6",
        "creation_date": "2022-04-22T13:15:50.869Z",
        "changed_date": "2022-04-22T13:15:50.869Z",
        "publication_date": "2022-04-22T13:15:50.868Z",
        "publication_end_date": null,
        "in_navigation": true,
        "soft_root": false,
        "reverse_id": null,
        "navigation_extenders": null,
        "template": "forms/pwd-reset2.html",
        "login_required": false,
        "limit_visibility_in_menu": null,
        "is_home": false,
        "application_urls": "",
        "application_namespace": null,
        "publisher_is_draft": false,
        "publisher_public": 9,
        "languages": "en-us",
        "xframe_options": 0,
        "is_page_type": false,
        "node": 8,
        "placeholders": [
            40,
            41
        ]
    }
},
{
    "model": "cms.page",
    "pk": 20,
    "fields": {
        "created_by": "V6",
        "changed_by": "V6",
        "creation_date": "2022-04-22T13:15:55.225Z",
        "changed_date": "2022-04-22T13:15:55.225Z",
        "publication_date": "2022-04-22T13:15:55.225Z",
        "publication_end_date": null,
        "in_navigation": true,
        "soft_root": false,
        "reverse_id": null,
        "navigation_extenders": null,
        "template": "forms/status-page.html",
        "login_required": false,
        "limit_visibility_in_menu": null,
        "is_home": false,
        "application_urls": "",
        "application_namespace": null,
        "publisher_is_draft": false,
        "publisher_public": 10,
        "languages": "en-us",
        "xframe_options": 0,
        "is_page_type": false,
        "node": 9,
        "placeholders": [
            42,
            43
        ]
    }
},
{
    "model": "cms.page",
    "pk": 21,
    "fields": {
        "created_by": "V6",
        "changed_by": "V6",
        "creation_date": "2022-04-22T13:16:35.228Z",
        "changed_date": "2022-04-22T13:16:35.228Z",
        "publication_date": "2022-04-22T13:16:35.227Z",
        "publication_end_date": null,
        "in_navigation": true,
        "soft_root": false,
        "reverse_id": null,
        "navigation_extenders": null,
        "template": "forms/email-change.html",
        "login_required": false,
        "limit_visibility_in_menu": null,
        "is_home": false,
        "application_urls": "",
        "application_namespace": null,
        "publisher_is_draft": false,
        "publisher_public": 11,
        "languages": "en-us",
        "xframe_options": 0,
        "is_page_type": false,
        "node": 10,
        "placeholders": [
            44,
            45
        ]
    }
},
{
    "model": "cms.page",
    "pk": 22,
    "fields": {
        "created_by": "V6",
        "changed_by": "V6",
        "creation_date": "2022-04-22T13:16:39.511Z",
        "changed_date": "2022-04-22T13:16:39.511Z",
        "publication_date": "2022-04-22T13:16:39.511Z",
        "publication_end_date": null,
        "in_navigation": true,
        "soft_root": false,
        "reverse_id": null,
        "navigation_extenders": null,
        "template": "forms/status-page.html",
        "login_required": false,
        "limit_visibility_in_menu": null,
        "is_home": false,
        "application_urls": "",
        "application_namespace": null,
        "publisher_is_draft": false,
        "publisher_public": 12,
        "languages": "en-us",
        "xframe_options": 0,
        "is_page_type": false,
        "node": 11,
        "placeholders": [
            46,
            47
        ]
    }
},
{
    "model": "cms.placeholder",
    "pk": 1,
    "fields": {
        "slot": "clipboard",
        "default_width": null
    }
},
{
    "model": "cms.placeholder",
    "pk": 2,
    "fields": {
        "slot": "clipboard",
        "default_width": null
    }
},
{
    "model": "cms.placeholder",
    "pk": 3,
    "fields": {
        "slot": "clipboard",
        "default_width": null
    }
},
{
    "model": "cms.placeholder",
    "pk": 4,
    "fields": {
        "slot": "img",
        "default_width": null
    }
},
{
    "model": "cms.placeholder",
    "pk": 5,
    "fields": {
        "slot": "text",
        "default_width": null
    }
},
{
    "model": "cms.placeholder",
    "pk": 6,
    "fields": {
        "slot": "img",
        "default_width": null
    }
},
{
    "model": "cms.placeholder",
    "pk": 7,
    "fields": {
        "slot": "text",
        "default_width": null
    }
},
{
    "model": "cms.placeholder",
    "pk": 8,
    "fields": {
        "slot": "img",
        "default_width": null
    }
},
{
    "model": "cms.placeholder",
    "pk": 9,
    "fields": {
        "slot": "text",
        "default_width": null
    }
},
{
    "model": "cms.placeholder",
    "pk": 10,
    "fields": {
        "slot": "img",
        "default_width": null
    }
},
{
    "model": "cms.placeholder",
    "pk": 11,
    "fields": {
        "slot": "text",
        "default_width": null
    }
},
{
    "model": "cms.placeholder",
    "pk": 12,
    "fields": {
        "slot": "img",
        "default_width": null
    }
},
{
    "model": "cms.placeholder",
    "pk": 13,
    "fields": {
        "slot": "text",
        "default_width": null
    }
},
{
    "model": "cms.placeholder",
    "pk": 14,
    "fields": {
        "slot": "img",
        "default_width": null
    }
},
{
    "model": "cms.placeholder",
    "pk": 15,
    "fields": {
        "slot": "text",
        "default_width": null
    }
},
{
    "model": "cms.placeholder",
    "pk": 16,
    "fields": {
        "slot": "img",
        "default_width": null
    }
},
{
    "model": "cms.placeholder",
    "pk": 17,
    "fields": {
        "slot": "text",
        "default_width": null
    }
},
{
    "model": "cms.placeholder",
    "pk": 18,
    "fields": {
        "slot": "img",
        "default_width": null
    }
},
{
    "model": "cms.placeholder",
    "pk": 19,
    "fields": {
        "slot": "text",
        "default_width": null
    }
},
{
    "model": "cms.placeholder",
    "pk": 20,
    "fields": {
        "slot": "img",
        "default_width": null
    }
},
{
    "model": "cms.placeholder",
    "pk": 21,
    "fields": {
        "slot": "text",
        "default_width": null
    }
},
{
    "model": "cms.placeholder",
    "pk": 22,
    "fields": {
        "slot": "img",
        "default_width": null
    }
},
{
    "model": "cms.placeholder",
    "pk": 23,
    "fields": {
        "slot": "text",
        "default_width": null
    }
},
{
    "model": "cms.placeholder",
    "pk": 24,
    "fields": {
        "slot": "img",
        "default_width": null
    }
},
{
    "model": "cms.placeholder",
    "pk": 25,
    "fields": {
        "slot": "text",
        "default_width": null
    }
},
{
    "model": "cms.placeholder",
    "pk": 26,
    "fields": {
        "slot": "img",
        "default_width": null
    }
},
{
    "model": "cms.placeholder",
    "pk": 27,
    "fields": {
        "slot": "text",
        "default_width": null
    }
},
{
    "model": "cms.placeholder",
    "pk": 28,
    "fields": {
        "slot": "img",
        "default_width": null
    }
},
{
    "model": "cms.placeholder",
    "pk": 29,
    "fields": {
        "slot": "text",
        "default_width": null
    }
},
{
    "model": "cms.placeholder",
    "pk": 30,
    "fields": {
        "slot": "img",
        "default_width": null
    }
},
{
    "model": "cms.placeholder",
    "pk": 31,
    "fields": {
        "slot": "text",
        "default_width": null
    }
},
{
    "model": "cms.placeholder",
    "pk": 32,
    "fields": {
        "slot": "img",
        "default_width": null
    }
},
{
    "model": "cms.placeholder",
    "pk": 33,
    "fields": {
        "slot": "text",
        "default_width": null
    }
},
{
    "model": "cms.placeholder",
    "pk": 34,
    "fields": {
        "slot": "img",
        "default_width": null
    }
},
{
    "model": "cms.placeholder",
    "pk": 35,
    "fields": {
        "slot": "text",
        "default_width": null
    }
},
{
    "model": "cms.placeholder",
    "pk": 36,
    "fields": {
        "slot": "img",
        "default_width": null
    }
},
{
    "model": "cms.placeholder",
    "pk": 37,
    "fields": {
        "slot": "text",
        "default_width": null
    }
},
{
    "model": "cms.placeholder",
    "pk": 38,
    "fields": {
        "slot": "img",
        "default_width": null
    }
},
{
    "model": "cms.placeholder",
    "pk": 39,
    "fields": {
        "slot": "text",
        "default_width": null
    }
},
{
    "model": "cms.placeholder",
    "pk": 40,
    "fields": {
        "slot": "img",
        "default_width": null
    }
},
{
    "model": "cms.placeholder",
    "pk": 41,
    "fields": {
        "slot": "text",
        "default_width": null
    }
},
{
    "model": "cms.placeholder",
    "pk": 42,
    "fields": {
        "slot": "img",
        "default_width": null
    }
},
{
    "model": "cms.placeholder",
    "pk": 43,
    "fields": {
        "slot": "text",
        "default_width": null
    }
},
{
    "model": "cms.placeholder",
    "pk": 44,
    "fields": {
        "slot": "img",
        "default_width": null
    }
},
{
    "model": "cms.placeholder",
    "pk": 45,
    "fields": {
        "slot": "text",
        "default_width": null
    }
},
{
    "model": "cms.placeholder",
    "pk": 46,
    "fields": {
        "slot": "img",
        "default_width": null
    }
},
{
    "model": "cms.placeholder",
    "pk": 47,
    "fields": {
        "slot": "text",
        "default_width": null
    }
},
{
    "model": "cms.cmsplugin",
    "pk": 1,
    "fields": {
        "path": "0001",
        "depth": 1,
        "numchild": 0,
        "placeholder": 4,
        "parent": null,
        "position": 0,
        "language": "en-us",
        "plugin_type": "WarePreviewPlugin",
        "creation_date": "2022-04-19T19:59:43.448Z",
        "changed_date": "2022-04-19T19:59:43.457Z"
    }
},
{
    "model": "cms.cmsplugin",
    "pk": 2,
    "fields": {
        "path": "0002",
        "depth": 1,
        "numchild": 0,
        "placeholder": 4,
        "parent": null,
        "position": 1,
        "language": "en-us",
        "plugin_type": "WarePreviewPlugin",
        "creation_date": "2022-04-19T20:00:05.101Z",
        "changed_date": "2022-04-19T20:00:05.110Z"
    }
},
{
    "model": "cms.cmsplugin",
    "pk": 3,
    "fields": {
        "path": "0003",
        "depth": 1,
        "numchild": 0,
        "placeholder": 4,
        "parent": null,
        "position": 2,
        "language": "en-us",
        "plugin_type": "WarePreviewPlugin",
        "creation_date": "2022-04-19T20:00:25.873Z",
        "changed_date": "2022-04-19T20:00:25.881Z"
    }
},
{
    "model": "cms.cmsplugin",
    "pk": 4,
    "fields": {
        "path": "0004",
        "depth": 1,
        "numchild": 0,
        "placeholder": 6,
        "parent": null,
        "position": 0,
        "language": "en-us",
        "plugin_type": "WarePreviewPlugin",
        "creation_date": "2022-04-19T19:59:43.448Z",
        "changed_date": "2022-04-22T13:15:12.529Z"
    }
},
{
    "model": "cms.cmsplugin",
    "pk": 5,
    "fields": {
        "path": "0005",
        "depth": 1,
        "numchild": 0,
        "placeholder": 6,
        "parent": null,
        "position": 1,
        "language": "en-us",
        "plugin_type": "WarePreviewPlugin",
        "creation_date": "2022-04-19T20:00:05.101Z",
        "changed_date": "2022-04-22T13:15:12.622Z"
    }
},
{
    "model": "cms.cmsplugin",
    "pk": 6,
    "fields": {
        "path": "0006",
        "depth": 1,
        "numchild": 0,
        "placeholder": 6,
        "parent": null,
        "position": 2,
        "language": "en-us",
        "plugin_type": "WarePreviewPlugin",
        "creation_date": "2022-04-19T20:00:25.873Z",
        "changed_date": "2022-04-22T13:15:12.625Z"
    }
},
{
    "model": "cms.title",
    "pk": 1,
    "fields": {
        "language": "en-us",
        "title": "Main",
        "page_title": null,
        "menu_title": null,
        "meta_description": null,
        "slug": "main",
        "path": "",
        "has_url_overwrite": false,
        "redirect": null,
        "page": 1,
        "creation_date": "2022-04-19T16:49:31.637Z",
        "published": true,
        "publisher_is_draft": true,
        "publisher_public": 2,
        "publisher_state": 0
    }
},
{
    "model": "cms.title",
    "pk": 2,
    "fields": {
        "language": "en-us",
        "title": "Main",
        "page_title": null,
        "menu_title": null,
        "meta_description": null,
        "slug": "main",
        "path": "",
        "has_url_overwrite": false,
        "redirect": null,
        "page": 2,
        "creation_date": "2022-04-19T16:49:31.637Z",
        "published": true,
        "publisher_is_draft": false,
        "publisher_public": 1,
        "publisher_state": 0
    }
},
{
    "model": "cms.title",
    "pk": 3,
    "fields": {
        "language": "en-us",
        "title": "Ware Info",
        "page_title": "",
        "menu_title": "",
        "meta_description": "",
        "slug": "ware-info",
        "path": "ware-info",
        "has_url_overwrite": false,
        "redirect": null,
        "page": 3,
        "creation_date": "2022-04-19T20:02:37.764Z",
        "published": true,
        "publisher_is_draft": true,
        "publisher_public": 13,
        "publisher_state": 0
    }
},
{
    "model": "cms.title",
    "pk": 4,
    "fields": {
        "language": "en-us",
        "title": "auth",
        "page_title": "",
        "menu_title": "",
        "meta_description": "",
        "slug": "auth",
        "path": "auth",
        "has_url_overwrite": false,
        "redirect": "/",
        "page": 4,
        "creation_date": "2022-04-19T20:13:12.918Z",
        "published": true,
        "publisher_is_draft": true,
        "publisher_public": 14,
        "publisher_state": 0
    }
},
{
    "model": "cms.title",
    "pk": 5,
    "fields": {
        "language": "en-us",
        "title": "Sign In",
        "page_title": "",
        "menu_title": "",
        "meta_description": "",
        "slug": "signin",
        "path": "auth/signin",
        "has_url_overwrite": false,
        "redirect": null,
        "page": 5,
        "creation_date": "2022-04-19T20:14:50.454Z",
        "published": true,
        "publisher_is_draft": true,
        "publisher_public": 15,
        "publisher_state": 0
    }
},
{
    "model": "cms.title",
    "pk": 6,
    "fields": {
        "language": "en-us",
        "title": "Sign Up",
        "page_title": "",
        "menu_title": "",
        "meta_description": "",
        "slug": "signup",
        "path": "auth/signup",
        "has_url_overwrite": false,
        "redirect": null,
        "page": 6,
        "creation_date": "2022-04-19T20:20:35.509Z",
        "published": true,
        "publisher_is_draft": true,
        "publisher_public": 16,
        "publisher_state": 0
    }
},
{
    "model": "cms.title",
    "pk": 7,
    "fields": {
        "language": "en-us",
        "title": "Email Verification",
        "page_title": "",
        "menu_title": "",
        "meta_description": "",
        "slug": "emailvrf",
        "path": "auth/emailvrf",
        "has_url_overwrite": false,
        "redirect": null,
        "page": 7,
        "creation_date": "2022-04-19T20:21:31.316Z",
        "published": true,
        "publisher_is_draft": true,
        "publisher_public": 17,
        "publisher_state": 0
    }
},
{
    "model": "cms.title",
    "pk": 8,
    "fields": {
        "language": "en-us",
        "title": "Password Reset 1",
        "page_title": "Password Reset",
        "menu_title": "",
        "meta_description": "",
        "slug": "pwdreset1",
        "path": "auth/pwdreset1",
        "has_url_overwrite": false,
        "redirect": null,
        "page": 8,
        "creation_date": "2022-04-21T17:02:42.609Z",
        "published": true,
        "publisher_is_draft": true,
        "publisher_public": 18,
        "publisher_state": 0
    }
},
{
    "model": "cms.title",
    "pk": 9,
    "fields": {
        "language": "en-us",
        "title": "Password Reset 2",
        "page_title": "Password Reset",
        "menu_title": "",
        "meta_description": "",
        "slug": "pwdreset2",
        "path": "auth/pwdreset2",
        "has_url_overwrite": false,
        "redirect": null,
        "page": 9,
        "creation_date": "2022-04-21T17:03:01.598Z",
        "published": true,
        "publisher_is_draft": true,
        "publisher_public": 19,
        "publisher_state": 0
    }
},
{
    "model": "cms.title",
    "pk": 10,
    "fields": {
        "language": "en-us",
        "title": "Resend Confirmation",
        "page_title": "",
        "menu_title": "",
        "meta_description": "",
        "slug": "emailvrfreset",
        "path": "auth/emailvrfreset",
        "has_url_overwrite": false,
        "redirect": null,
        "page": 10,
        "creation_date": "2022-04-21T17:07:28.839Z",
        "published": true,
        "publisher_is_draft": true,
        "publisher_public": 20,
        "publisher_state": 0
    }
},
{
    "model": "cms.title",
    "pk": 11,
    "fields": {
        "language": "en-us",
        "title": "New Email",
        "page_title": "",
        "menu_title": "",
        "meta_description": "",
        "slug": "emailchange",
        "path": "auth/emailchange",
        "has_url_overwrite": false,
        "redirect": null,
        "page": 11,
        "creation_date": "2022-04-21T17:08:28.762Z",
        "published": true,
        "publisher_is_draft": true,
        "publisher_public": 21,
        "publisher_state": 0
    }
},
{
    "model": "cms.title",
    "pk": 12,
    "fields": {
        "language": "en-us",
        "title": "Confirm New Email",
        "page_title": "",
        "menu_title": "",
        "meta_description": "",
        "slug": "emailchangevrf",
        "path": "auth/emailchangevrf",
        "has_url_overwrite": false,
        "redirect": null,
        "page": 12,
        "creation_date": "2022-04-21T17:09:18.832Z",
        "published": true,
        "publisher_is_draft": true,
        "publisher_public": 22,
        "publisher_state": 0
    }
},
{
    "model": "cms.title",
    "pk": 13,
    "fields": {
        "language": "en-us",
        "title": "Ware Info",
        "page_title": "",
        "menu_title": "",
        "meta_description": "",
        "slug": "ware-info",
        "path": "ware-info",
        "has_url_overwrite": false,
        "redirect": null,
        "page": 13,
        "creation_date": "2022-04-19T20:02:37.764Z",
        "published": true,
        "publisher_is_draft": false,
        "publisher_public": 3,
        "publisher_state": 0
    }
},
{
    "model": "cms.title",
    "pk": 14,
    "fields": {
        "language": "en-us",
        "title": "auth",
        "page_title": "",
        "menu_title": "",
        "meta_description": "",
        "slug": "auth",
        "path": "auth",
        "has_url_overwrite": false,
        "redirect": "/",
        "page": 14,
        "creation_date": "2022-04-19T20:13:12.918Z",
        "published": true,
        "publisher_is_draft": false,
        "publisher_public": 4,
        "publisher_state": 0
    }
},
{
    "model": "cms.title",
    "pk": 15,
    "fields": {
        "language": "en-us",
        "title": "Sign In",
        "page_title": "",
        "menu_title": "",
        "meta_description": "",
        "slug": "signin",
        "path": "auth/signin",
        "has_url_overwrite": false,
        "redirect": null,
        "page": 15,
        "creation_date": "2022-04-19T20:14:50.454Z",
        "published": true,
        "publisher_is_draft": false,
        "publisher_public": 5,
        "publisher_state": 0
    }
},
{
    "model": "cms.title",
    "pk": 16,
    "fields": {
        "language": "en-us",
        "title": "Sign Up",
        "page_title": "",
        "menu_title": "",
        "meta_description": "",
        "slug": "signup",
        "path": "auth/signup",
        "has_url_overwrite": false,
        "redirect": null,
        "page": 16,
        "creation_date": "2022-04-19T20:20:35.509Z",
        "published": true,
        "publisher_is_draft": false,
        "publisher_public": 6,
        "publisher_state": 0
    }
},
{
    "model": "cms.title",
    "pk": 17,
    "fields": {
        "language": "en-us",
        "title": "Email Verification",
        "page_title": "",
        "menu_title": "",
        "meta_description": "",
        "slug": "emailvrf",
        "path": "auth/emailvrf",
        "has_url_overwrite": false,
        "redirect": null,
        "page": 17,
        "creation_date": "2022-04-19T20:21:31.316Z",
        "published": true,
        "publisher_is_draft": false,
        "publisher_public": 7,
        "publisher_state": 0
    }
},
{
    "model": "cms.title",
    "pk": 18,
    "fields": {
        "language": "en-us",
        "title": "Password Reset 1",
        "page_title": "Password Reset",
        "menu_title": "",
        "meta_description": "",
        "slug": "pwdreset1",
        "path": "auth/pwdreset1",
        "has_url_overwrite": false,
        "redirect": null,
        "page": 18,
        "creation_date": "2022-04-21T17:02:42.609Z",
        "published": true,
        "publisher_is_draft": false,
        "publisher_public": 8,
        "publisher_state": 0
    }
},
{
    "model": "cms.title",
    "pk": 19,
    "fields": {
        "language": "en-us",
        "title": "Password Reset 2",
        "page_title": "Password Reset",
        "menu_title": "",
        "meta_description": "",
        "slug": "pwdreset2",
        "path": "auth/pwdreset2",
        "has_url_overwrite": false,
        "redirect": null,
        "page": 19,
        "creation_date": "2022-04-21T17:03:01.598Z",
        "published": true,
        "publisher_is_draft": false,
        "publisher_public": 9,
        "publisher_state": 0
    }
},
{
    "model": "cms.title",
    "pk": 20,
    "fields": {
        "language": "en-us",
        "title": "Resend Confirmation",
        "page_title": "",
        "menu_title": "",
        "meta_description": "",
        "slug": "emailvrfreset",
        "path": "auth/emailvrfreset",
        "has_url_overwrite": false,
        "redirect": null,
        "page": 20,
        "creation_date": "2022-04-21T17:07:28.839Z",
        "published": true,
        "publisher_is_draft": false,
        "publisher_public": 10,
        "publisher_state": 0
    }
},
{
    "model": "cms.title",
    "pk": 21,
    "fields": {
        "language": "en-us",
        "title": "New Email",
        "page_title": "",
        "menu_title": "",
        "meta_description": "",
        "slug": "emailchange",
        "path": "auth/emailchange",
        "has_url_overwrite": false,
        "redirect": null,
        "page": 21,
        "creation_date": "2022-04-21T17:08:28.762Z",
        "published": true,
        "publisher_is_draft": false,
        "publisher_public": 11,
        "publisher_state": 0
    }
},
{
    "model": "cms.title",
    "pk": 22,
    "fields": {
        "language": "en-us",
        "title": "Confirm New Email",
        "page_title": "",
        "menu_title": "",
        "meta_description": "",
        "slug": "emailchangevrf",
        "path": "auth/emailchangevrf",
        "has_url_overwrite": false,
        "redirect": null,
        "page": 22,
        "creation_date": "2022-04-21T17:09:18.832Z",
        "published": true,
        "publisher_is_draft": false,
        "publisher_public": 12,
        "publisher_state": 0
    }
},
{
    "model": "cms.urlconfrevision",
    "pk": 1,
    "fields": {
        "revision": "2c34d831-4ccb-4bb1-97f5-deb9ad512ddb"
    }
}
]
